episode_id,frame_id,file_path,blur_score,is_valid,reason
episode_001,frame_000,raw_data/episode_001/frame_000.jpg,983.4964,True,
episode_001,frame_001,raw_data/episode_001/frame_001.jpg,1040.9261,True,
episode_001,frame_002,raw_data/episode_001/frame_002.jpg,1094.6521,True,
episode_001,frame_003,raw_data/episode_001/frame_003.jpg,867.6898,True,
episode_001,frame_004,raw_data/episode_001/frame_004.jpg,1309.1203,True,
episode_001,frame_005,raw_data/episode_001/frame_005.jpg,1013.6351,True,
episode_001,frame_006,raw_data/episode_001/frame_006.jpg,0.8852,False,blur
episode_001,frame_007,raw_data/episode_001/frame_007.jpg,1033.4091,True,
episode_001,frame_008,raw_data/episode_001/frame_008.jpg,1134.5009,True,
episode_001,frame_009,raw_data/episode_001/frame_009.jpg,987.3512,True,
episode_001,frame_010,raw_data/episode_001/frame_010.jpg,1194.0861,True,
episode_001,frame_011,raw_data/episode_001/frame_011.jpg,1114.1419,True,
episode_001,frame_012,raw_data/episode_001/frame_012.jpg,968.5426,True,
episode_001,frame_013,raw_data/episode_001/frame_013.jpg,968.5426,False,duplicate
episode_001,frame_014,raw_data/episode_001/frame_014.jpg,1126.1941,True,
episode_001,frame_015,raw_data/episode_001/frame_015.jpg,1260.4697,True,
episode_001,frame_016,raw_data/episode_001/frame_016.jpg,1019.7086,True,
episode_001,frame_017,raw_data/episode_001/frame_017.jpg,1124.53,True,
episode_001,frame_018,raw_data/episode_001/frame_018.jpg,1152.4772,True,
episode_001,frame_019,raw_data/episode_001/frame_019.jpg,1212.4021,True,
episode_001,frame_020,raw_data/episode_001/frame_020.jpg,1039.0487,True,
episode_001,frame_021,raw_data/episode_001/frame_021.jpg,1226.0489,True,
episode_001,frame_022,raw_data/episode_001/frame_022.jpg,1137.5868,True,
episode_001,frame_023,raw_data/episode_001/frame_023.jpg,1229.4012,True,
episode_001,frame_024,raw_data/episode_001/frame_024.jpg,1158.5655,True,
episode_001,frame_025,raw_data/episode_001/frame_025.jpg,2.0143,False,blur
episode_001,frame_026,raw_data/episode_001/frame_026.jpg,1111.7469,True,
episode_001,frame_027,raw_data/episode_001/frame_027.jpg,1.5583,False,blur
episode_001,frame_028,raw_data/episode_001/frame_028.jpg,1126.1906,True,
episode_001,frame_029,raw_data/episode_001/frame_029.jpg,1094.8142,True,
episode_001,frame_030,raw_data/episode_001/frame_030.jpg,1.7297,False,blur
episode_001,frame_031,raw_data/episode_001/frame_031.jpg,1204.2362,True,
episode_001,frame_032,raw_data/episode_001/frame_032.jpg,2.0535,False,blur
episode_001,frame_033,raw_data/episode_001/frame_033.jpg,1321.531,True,
episode_001,frame_034,raw_data/episode_001/frame_034.jpg,1093.5458,True,
episode_001,frame_035,raw_data/episode_001/frame_035.jpg,909.4305,True,
episode_001,frame_036,raw_data/episode_001/frame_036.jpg,1210.1515,True,
episode_001,frame_037,raw_data/episode_001/frame_037.jpg,896.4819,True,
episode_001,frame_038,raw_data/episode_001/frame_038.jpg,896.4819,False,duplicate
episode_001,frame_039,raw_data/episode_001/frame_039.jpg,1220.3769,True,
episode_001,frame_040,raw_data/episode_001/frame_040.jpg,982.5295,True,
episode_001,frame_041,raw_data/episode_001/frame_041.jpg,1066.2546,True,
episode_001,frame_042,raw_data/episode_001/frame_042.jpg,1066.3296,True,
episode_001,frame_043,raw_data/episode_001/frame_043.jpg,951.6746,True,
episode_001,frame_044,raw_data/episode_001/frame_044.jpg,2.6444,False,blur
episode_001,frame_045,raw_data/episode_001/frame_045.jpg,1119.2011,True,
episode_001,frame_046,raw_data/episode_001/frame_046.jpg,1.6342,False,blur
episode_001,frame_047,raw_data/episode_001/frame_047.jpg,1190.3879,True,
episode_001,frame_048,raw_data/episode_001/frame_048.jpg,1369.9879,True,
episode_001,frame_049,raw_data/episode_001/frame_049.jpg,1259.6716,True,
episode_001,frame_050,raw_data/episode_001/frame_050.jpg,1210.0363,True,
episode_001,frame_051,raw_data/episode_001/frame_051.jpg,1453.6222,True,
episode_001,frame_052,raw_data/episode_001/frame_052.jpg,1143.2239,True,
episode_001,frame_053,raw_data/episode_001/frame_053.jpg,1030.6766,True,
episode_001,frame_054,raw_data/episode_001/frame_054.jpg,1117.1709,True,
episode_001,frame_055,raw_data/episode_001/frame_055.jpg,949.1083,True,
episode_001,frame_056,raw_data/episode_001/frame_056.jpg,949.1083,False,duplicate
episode_001,frame_057,raw_data/episode_001/frame_057.jpg,1202.8603,True,
episode_001,frame_058,raw_data/episode_001/frame_058.jpg,1006.793,True,
episode_001,frame_059,raw_data/episode_001/frame_059.jpg,1112.9044,True,
episode_001,frame_060,raw_data/episode_001/frame_060.jpg,1079.9741,True,
episode_001,frame_061,raw_data/episode_001/frame_061.jpg,1056.3605,True,
episode_001,frame_062,raw_data/episode_001/frame_062.jpg,1010.087,True,
episode_001,frame_063,raw_data/episode_001/frame_063.jpg,1200.5933,True,
episode_001,frame_064,raw_data/episode_001/frame_064.jpg,1007.0423,True,
episode_001,frame_065,raw_data/episode_001/frame_065.jpg,1007.0423,False,duplicate
episode_001,frame_066,raw_data/episode_001/frame_066.jpg,1088.0841,True,
episode_001,frame_067,raw_data/episode_001/frame_067.jpg,1273.6233,True,
episode_001,frame_068,raw_data/episode_001/frame_068.jpg,1122.0815,True,
episode_001,frame_069,raw_data/episode_001/frame_069.jpg,1094.8044,True,
episode_001,frame_070,raw_data/episode_001/frame_070.jpg,999.3522,True,
episode_001,frame_071,raw_data/episode_001/frame_071.jpg,2.2963,False,blur
episode_001,frame_072,raw_data/episode_001/frame_072.jpg,1038.2524,True,
episode_001,frame_073,raw_data/episode_001/frame_073.jpg,1.581,False,blur
episode_001,frame_074,raw_data/episode_001/frame_074.jpg,1015.8285,True,
episode_001,frame_075,raw_data/episode_001/frame_075.jpg,1015.8285,False,duplicate
episode_001,frame_076,raw_data/episode_001/frame_076.jpg,1047.4995,True,
episode_001,frame_077,raw_data/episode_001/frame_077.jpg,1047.4995,False,duplicate
episode_001,frame_078,raw_data/episode_001/frame_078.jpg,1072.2884,True,
episode_001,frame_079,raw_data/episode_001/frame_079.jpg,1088.2947,True,
episode_001,frame_080,raw_data/episode_001/frame_080.jpg,1.9584,False,blur
episode_001,frame_081,raw_data/episode_001/frame_081.jpg,1.4424,False,blur
episode_001,frame_082,raw_data/episode_001/frame_082.jpg,1210.1822,True,
episode_001,frame_083,raw_data/episode_001/frame_083.jpg,1177.1284,True,
episode_001,frame_084,raw_data/episode_001/frame_084.jpg,1010.8537,True,
episode_001,frame_085,raw_data/episode_001/frame_085.jpg,1104.9445,True,
episode_001,frame_086,raw_data/episode_001/frame_086.jpg,1162.4107,True,
episode_001,frame_087,raw_data/episode_001/frame_087.jpg,961.9876,True,
episode_001,frame_088,raw_data/episode_001/frame_088.jpg,1010.3187,True,
episode_001,frame_089,raw_data/episode_001/frame_089.jpg,0.9712,False,blur
episode_001,frame_090,raw_data/episode_001/frame_090.jpg,1098.6401,True,
episode_001,frame_091,raw_data/episode_001/frame_091.jpg,1032.8649,True,
episode_001,frame_092,raw_data/episode_001/frame_092.jpg,1076.3678,True,
episode_001,frame_093,raw_data/episode_001/frame_093.jpg,1202.2429,True,
episode_001,frame_094,raw_data/episode_001/frame_094.jpg,2.055,False,blur
episode_001,frame_095,raw_data/episode_001/frame_095.jpg,0.8588,False,blur
episode_001,frame_096,raw_data/episode_001/frame_096.jpg,1029.1884,True,
episode_001,frame_097,raw_data/episode_001/frame_097.jpg,1115.7137,True,
episode_001,frame_098,raw_data/episode_001/frame_098.jpg,1023.7299,True,
episode_001,frame_099,raw_data/episode_001/frame_099.jpg,0.9973,False,blur
episode_002,frame_000,raw_data/episode_002/frame_000.jpg,990.9147,True,
episode_002,frame_001,raw_data/episode_002/frame_001.jpg,1036.1785,True,
episode_002,frame_002,raw_data/episode_002/frame_002.jpg,1160.0684,True,
episode_002,frame_003,raw_data/episode_002/frame_003.jpg,1.682,False,blur
episode_002,frame_004,raw_data/episode_002/frame_004.jpg,1.6358,False,blur
episode_002,frame_005,raw_data/episode_002/frame_005.jpg,1249.1464,True,
episode_002,frame_006,raw_data/episode_002/frame_006.jpg,1217.575,True,
episode_002,frame_007,raw_data/episode_002/frame_007.jpg,1005.5509,True,
episode_002,frame_008,raw_data/episode_002/frame_008.jpg,1271.7572,True,
episode_002,frame_009,raw_data/episode_002/frame_009.jpg,1164.4191,True,
episode_002,frame_010,raw_data/episode_002/frame_010.jpg,1123.7729,True,
episode_002,frame_011,raw_data/episode_002/frame_011.jpg,1123.7729,False,duplicate
episode_002,frame_012,raw_data/episode_002/frame_012.jpg,1052.2221,True,
episode_002,frame_013,raw_data/episode_002/frame_013.jpg,972.9228,True,
episode_002,frame_014,raw_data/episode_002/frame_014.jpg,1.7324,False,blur
episode_002,frame_015,raw_data/episode_002/frame_015.jpg,1002.3147,True,
episode_002,frame_016,raw_data/episode_002/frame_016.jpg,1189.287,True,
episode_002,frame_017,raw_data/episode_002/frame_017.jpg,1212.9123,True,
episode_002,frame_018,raw_data/episode_002/frame_018.jpg,1087.8104,True,
episode_002,frame_019,raw_data/episode_002/frame_019.jpg,1256.9679,True,
episode_002,frame_020,raw_data/episode_002/frame_020.jpg,1134.9693,True,
episode_002,frame_021,raw_data/episode_002/frame_021.jpg,1012.5261,True,
episode_002,frame_022,raw_data/episode_002/frame_022.jpg,1203.0365,True,
episode_002,frame_023,raw_data/episode_002/frame_023.jpg,1029.9894,True,
episode_002,frame_024,raw_data/episode_002/frame_024.jpg,1124.2714,True,
episode_002,frame_025,raw_data/episode_002/frame_025.jpg,1218.2849,True,
episode_002,frame_026,raw_data/episode_002/frame_026.jpg,1177.452,True,
episode_002,frame_027,raw_data/episode_002/frame_027.jpg,1.6345,False,blur
episode_002,frame_028,raw_data/episode_002/frame_028.jpg,1275.8514,True,
episode_002,frame_029,raw_data/episode_002/frame_029.jpg,1077.9289,True,
episode_002,frame_030,raw_data/episode_002/frame_030.jpg,1140.5559,True,
episode_002,frame_031,raw_data/episode_002/frame_031.jpg,995.1641,True,
episode_002,frame_032,raw_data/episode_002/frame_032.jpg,995.1641,False,duplicate
episode_002,frame_033,raw_data/episode_002/frame_033.jpg,1113.814,True,
episode_002,frame_034,raw_data/episode_002/frame_034.jpg,1160.1265,True,
episode_002,frame_035,raw_data/episode_002/frame_035.jpg,1146.3476,True,
episode_002,frame_036,raw_data/episode_002/frame_036.jpg,1188.0667,True,
episode_002,frame_037,raw_data/episode_002/frame_037.jpg,1240.2423,True,
episode_002,frame_038,raw_data/episode_002/frame_038.jpg,1437.2042,True,
episode_002,frame_039,raw_data/episode_002/frame_039.jpg,1001.4911,True,
episode_002,frame_040,raw_data/episode_002/frame_040.jpg,1167.4494,True,
episode_002,frame_041,raw_data/episode_002/frame_041.jpg,1101.2821,True,
episode_002,frame_042,raw_data/episode_002/frame_042.jpg,1.7385,False,blur
episode_002,frame_043,raw_data/episode_002/frame_043.jpg,1166.3774,True,
episode_002,frame_044,raw_data/episode_002/frame_044.jpg,1109.5013,True,
episode_002,frame_045,raw_data/episode_002/frame_045.jpg,969.4354,True,
episode_002,frame_046,raw_data/episode_002/frame_046.jpg,1051.4804,True,
episode_002,frame_047,raw_data/episode_002/frame_047.jpg,1122.994,True,
episode_002,frame_048,raw_data/episode_002/frame_048.jpg,1224.5324,True,
episode_002,frame_049,raw_data/episode_002/frame_049.jpg,1151.993,True,
episode_002,frame_050,raw_data/episode_002/frame_050.jpg,1057.3367,True,
episode_002,frame_051,raw_data/episode_002/frame_051.jpg,1223.1294,True,
episode_002,frame_052,raw_data/episode_002/frame_052.jpg,1129.0082,True,
episode_002,frame_053,raw_data/episode_002/frame_053.jpg,1130.8831,True,
episode_002,frame_054,raw_data/episode_002/frame_054.jpg,1039.0671,True,
episode_002,frame_055,raw_data/episode_002/frame_055.jpg,1058.7275,True,
episode_002,frame_056,raw_data/episode_002/frame_056.jpg,1391.5458,True,
episode_002,frame_057,raw_data/episode_002/frame_057.jpg,1251.7178,True,
episode_002,frame_058,raw_data/episode_002/frame_058.jpg,1075.6555,True,
episode_002,frame_059,raw_data/episode_002/frame_059.jpg,0.9778,False,blur
episode_002,frame_060,raw_data/episode_002/frame_060.jpg,1069.6592,True,
episode_002,frame_061,raw_data/episode_002/frame_061.jpg,900.0812,True,
episode_002,frame_062,raw_data/episode_002/frame_062.jpg,1039.5726,True,
episode_002,frame_063,raw_data/episode_002/frame_063.jpg,1.1318,False,blur
episode_002,frame_064,raw_data/episode_002/frame_064.jpg,1.1318,False,blur
episode_002,frame_065,raw_data/episode_002/frame_065.jpg,1.1318,False,blur
episode_002,frame_066,raw_data/episode_002/frame_066.jpg,2.0364,False,blur
episode_002,frame_067,raw_data/episode_002/frame_067.jpg,0.9437,False,blur
episode_002,frame_068,raw_data/episode_002/frame_068.jpg,1103.1982,True,
episode_002,frame_069,raw_data/episode_002/frame_069.jpg,1060.3892,True,
episode_002,frame_070,raw_data/episode_002/frame_070.jpg,1163.9574,True,
episode_002,frame_071,raw_data/episode_002/frame_071.jpg,1163.9574,False,duplicate
episode_002,frame_072,raw_data/episode_002/frame_072.jpg,1208.5192,True,
episode_002,frame_073,raw_data/episode_002/frame_073.jpg,1118.2842,True,
episode_002,frame_074,raw_data/episode_002/frame_074.jpg,1039.5911,True,
episode_002,frame_075,raw_data/episode_002/frame_075.jpg,1.6964,False,blur
episode_002,frame_076,raw_data/episode_002/frame_076.jpg,1115.496,True,
episode_002,frame_077,raw_data/episode_002/frame_077.jpg,1209.5862,True,
episode_002,frame_078,raw_data/episode_002/frame_078.jpg,1380.221,True,
episode_002,frame_079,raw_data/episode_002/frame_079.jpg,1001.5904,True,
episode_002,frame_080,raw_data/episode_002/frame_080.jpg,1066.6849,True,
episode_002,frame_081,raw_data/episode_002/frame_081.jpg,1008.2113,True,
episode_002,frame_082,raw_data/episode_002/frame_082.jpg,1008.2113,False,duplicate
episode_002,frame_083,raw_data/episode_002/frame_083.jpg,941.0492,True,
episode_002,frame_084,raw_data/episode_002/frame_084.jpg,1126.1444,True,
episode_002,frame_085,raw_data/episode_002/frame_085.jpg,1055.3674,True,
episode_002,frame_086,raw_data/episode_002/frame_086.jpg,1349.0109,True,
episode_002,frame_087,raw_data/episode_002/frame_087.jpg,1170.2378,True,
episode_002,frame_088,raw_data/episode_002/frame_088.jpg,1153.342,True,
episode_002,frame_089,raw_data/episode_002/frame_089.jpg,1153.342,False,duplicate
episode_002,frame_090,raw_data/episode_002/frame_090.jpg,1051.3992,True,
episode_002,frame_091,raw_data/episode_002/frame_091.jpg,1205.9169,True,
episode_002,frame_092,raw_data/episode_002/frame_092.jpg,1295.767,True,
episode_002,frame_093,raw_data/episode_002/frame_093.jpg,1113.7286,True,
episode_002,frame_094,raw_data/episode_002/frame_094.jpg,984.9341,True,
episode_002,frame_095,raw_data/episode_002/frame_095.jpg,1110.839,True,
episode_002,frame_096,raw_data/episode_002/frame_096.jpg,1.5424,False,blur
episode_002,frame_097,raw_data/episode_002/frame_097.jpg,1145.374,True,
episode_002,frame_098,raw_data/episode_002/frame_098.jpg,1350.9109,True,
episode_002,frame_099,raw_data/episode_002/frame_099.jpg,964.4889,True,
episode_003,frame_000,raw_data/episode_003/frame_000.jpg,1308.7575,True,
episode_003,frame_001,raw_data/episode_003/frame_001.jpg,1058.914,True,
episode_003,frame_002,raw_data/episode_003/frame_002.jpg,1086.8253,True,
episode_003,frame_003,raw_data/episode_003/frame_003.jpg,1.4014,False,blur
episode_003,frame_004,raw_data/episode_003/frame_004.jpg,1261.6459,True,
episode_003,frame_005,raw_data/episode_003/frame_005.jpg,1037.5385,True,
episode_003,frame_006,raw_data/episode_003/frame_006.jpg,1134.3082,True,
episode_003,frame_007,raw_data/episode_003/frame_007.jpg,1232.5957,True,
episode_003,frame_008,raw_data/episode_003/frame_008.jpg,978.2302,True,
episode_003,frame_009,raw_data/episode_003/frame_009.jpg,1191.3182,True,
episode_003,frame_010,raw_data/episode_003/frame_010.jpg,1058.2053,True,
episode_003,frame_011,raw_data/episode_003/frame_011.jpg,1091.3222,True,
episode_003,frame_012,raw_data/episode_003/frame_012.jpg,1434.0898,True,
episode_003,frame_013,raw_data/episode_003/frame_013.jpg,1119.843,True,
episode_003,frame_014,raw_data/episode_003/frame_014.jpg,0.8716,False,blur
episode_003,frame_015,raw_data/episode_003/frame_015.jpg,1380.8473,True,
episode_003,frame_016,raw_data/episode_003/frame_016.jpg,1083.3426,True,
episode_003,frame_017,raw_data/episode_003/frame_017.jpg,1100.163,True,
episode_003,frame_018,raw_data/episode_003/frame_018.jpg,1291.2869,True,
episode_003,frame_019,raw_data/episode_003/frame_019.jpg,1175.6959,True,
episode_003,frame_020,raw_data/episode_003/frame_020.jpg,0.9727,False,blur
episode_003,frame_021,raw_data/episode_003/frame_021.jpg,1197.9883,True,
episode_003,frame_022,raw_data/episode_003/frame_022.jpg,1101.8306,True,
episode_003,frame_023,raw_data/episode_003/frame_023.jpg,2.0956,False,blur
episode_003,frame_024,raw_data/episode_003/frame_024.jpg,1.4734,False,blur
episode_003,frame_025,raw_data/episode_003/frame_025.jpg,1.5978,False,blur
episode_003,frame_026,raw_data/episode_003/frame_026.jpg,1117.9869,True,
episode_003,frame_027,raw_data/episode_003/frame_027.jpg,1073.0846,True,
episode_003,frame_028,raw_data/episode_003/frame_028.jpg,2.055,False,blur
episode_003,frame_029,raw_data/episode_003/frame_029.jpg,1035.584,True,
episode_003,frame_030,raw_data/episode_003/frame_030.jpg,1160.1584,True,
episode_003,frame_031,raw_data/episode_003/frame_031.jpg,1133.4104,True,
episode_003,frame_032,raw_data/episode_003/frame_032.jpg,982.2827,True,
episode_003,frame_033,raw_data/episode_003/frame_033.jpg,1.0843,False,blur
episode_003,frame_034,raw_data/episode_003/frame_034.jpg,1295.1242,True,
episode_003,frame_035,raw_data/episode_003/frame_035.jpg,1040.5824,True,
episode_003,frame_036,raw_data/episode_003/frame_036.jpg,1110.4185,True,
episode_003,frame_037,raw_data/episode_003/frame_037.jpg,1170.4864,True,
episode_003,frame_038,raw_data/episode_003/frame_038.jpg,0.9322,False,blur
episode_003,frame_039,raw_data/episode_003/frame_039.jpg,1171.3431,True,
episode_003,frame_040,raw_data/episode_003/frame_040.jpg,948.8062,True,
episode_003,frame_041,raw_data/episode_003/frame_041.jpg,1352.0357,True,
episode_003,frame_042,raw_data/episode_003/frame_042.jpg,1250.7708,True,
episode_003,frame_043,raw_data/episode_003/frame_043.jpg,1057.9182,True,
episode_003,frame_044,raw_data/episode_003/frame_044.jpg,1119.0801,True,
episode_003,frame_045,raw_data/episode_003/frame_045.jpg,1123.4218,True,
episode_003,frame_046,raw_data/episode_003/frame_046.jpg,1139.4618,True,
episode_003,frame_047,raw_data/episode_003/frame_047.jpg,1304.0635,True,
episode_003,frame_048,raw_data/episode_003/frame_048.jpg,1118.1832,True,
episode_003,frame_049,raw_data/episode_003/frame_049.jpg,1099.073,True,
episode_003,frame_050,raw_data/episode_003/frame_050.jpg,0.7621,False,blur
episode_003,frame_051,raw_data/episode_003/frame_051.jpg,1055.5962,True,
episode_003,frame_052,raw_data/episode_003/frame_052.jpg,1115.0772,True,
episode_003,frame_053,raw_data/episode_003/frame_053.jpg,1115.0772,False,duplicate
episode_003,frame_054,raw_data/episode_003/frame_054.jpg,1115.0772,False,duplicate
episode_003,frame_055,raw_data/episode_003/frame_055.jpg,1057.2666,True,
episode_003,frame_056,raw_data/episode_003/frame_056.jpg,1193.3477,True,
episode_003,frame_057,raw_data/episode_003/frame_057.jpg,1074.1831,True,
episode_003,frame_058,raw_data/episode_003/frame_058.jpg,1144.7048,True,
episode_003,frame_059,raw_data/episode_003/frame_059.jpg,935.8054,True,
episode_003,frame_060,raw_data/episode_003/frame_060.jpg,1109.3342,True,
episode_003,frame_061,raw_data/episode_003/frame_061.jpg,1109.3342,False,duplicate
episode_003,frame_062,raw_data/episode_003/frame_062.jpg,976.3653,True,
episode_003,frame_063,raw_data/episode_003/frame_063.jpg,1135.3098,True,
episode_003,frame_064,raw_data/episode_003/frame_064.jpg,1086.0709,True,
episode_003,frame_065,raw_data/episode_003/frame_065.jpg,995.0254,True,
episode_003,frame_066,raw_data/episode_003/frame_066.jpg,1065.4912,True,
episode_003,frame_067,raw_data/episode_003/frame_067.jpg,1067.8582,True,
episode_003,frame_068,raw_data/episode_003/frame_068.jpg,1277.0962,True,
episode_003,frame_069,raw_data/episode_003/frame_069.jpg,1120.5928,True,
episode_003,frame_070,raw_data/episode_003/frame_070.jpg,2.0051,False,blur
episode_003,frame_071,raw_data/episode_003/frame_071.jpg,1134.9191,True,
episode_003,frame_072,raw_data/episode_003/frame_072.jpg,1134.9191,False,duplicate
episode_003,frame_073,raw_data/episode_003/frame_073.jpg,2.8947,False,blur
episode_003,frame_074,raw_data/episode_003/frame_074.jpg,1039.8621,True,
episode_003,frame_075,raw_data/episode_003/frame_075.jpg,1112.8038,True,
episode_003,frame_076,raw_data/episode_003/frame_076.jpg,1.3654,False,blur
episode_003,frame_077,raw_data/episode_003/frame_077.jpg,1004.8576,True,
episode_003,frame_078,raw_data/episode_003/frame_078.jpg,1056.9358,True,
episode_003,frame_079,raw_data/episode_003/frame_079.jpg,1167.5126,True,
episode_003,frame_080,raw_data/episode_003/frame_080.jpg,1039.6856,True,
episode_003,frame_081,raw_data/episode_003/frame_081.jpg,2.4854,False,blur
episode_003,frame_082,raw_data/episode_003/frame_082.jpg,1045.2615,True,
episode_003,frame_083,raw_data/episode_003/frame_083.jpg,922.4782,True,
episode_003,frame_084,raw_data/episode_003/frame_084.jpg,1.4294,False,blur
episode_003,frame_085,raw_data/episode_003/frame_085.jpg,1040.2241,True,
episode_003,frame_086,raw_data/episode_003/frame_086.jpg,1047.7526,True,
episode_003,frame_087,raw_data/episode_003/frame_087.jpg,972.347,True,
episode_003,frame_088,raw_data/episode_003/frame_088.jpg,1164.5823,True,
episode_003,frame_089,raw_data/episode_003/frame_089.jpg,1121.1335,True,
episode_003,frame_090,raw_data/episode_003/frame_090.jpg,1138.2654,True,
episode_003,frame_091,raw_data/episode_003/frame_091.jpg,1157.9022,True,
episode_003,frame_092,raw_data/episode_003/frame_092.jpg,966.7104,True,
episode_003,frame_093,raw_data/episode_003/frame_093.jpg,1130.0894,True,
episode_003,frame_094,raw_data/episode_003/frame_094.jpg,1130.0894,False,duplicate
episode_003,frame_095,raw_data/episode_003/frame_095.jpg,1037.2842,True,
episode_003,frame_096,raw_data/episode_003/frame_096.jpg,1.5167,False,blur
episode_003,frame_097,raw_data/episode_003/frame_097.jpg,1296.7207,True,
episode_003,frame_098,raw_data/episode_003/frame_098.jpg,1289.7212,True,
episode_003,frame_099,raw_data/episode_003/frame_099.jpg,1037.2382,True,
episode_004,frame_000,raw_data/episode_004/frame_000.jpg,1.6362,False,blur
episode_004,frame_001,raw_data/episode_004/frame_001.jpg,1.6362,False,blur
episode_004,frame_002,raw_data/episode_004/frame_002.jpg,1016.9774,True,
episode_004,frame_003,raw_data/episode_004/frame_003.jpg,1179.7071,True,
episode_004,frame_004,raw_data/episode_004/frame_004.jpg,986.1266,True,
episode_004,frame_005,raw_data/episode_004/frame_005.jpg,938.0955,True,
episode_004,frame_006,raw_data/episode_004/frame_006.jpg,1104.9332,True,
episode_004,frame_007,raw_data/episode_004/frame_007.jpg,936.9072,True,
episode_004,frame_008,raw_data/episode_004/frame_008.jpg,1112.0294,True,
episode_004,frame_009,raw_data/episode_004/frame_009.jpg,1064.6374,True,
episode_004,frame_010,raw_data/episode_004/frame_010.jpg,1141.1888,True,
episode_004,frame_011,raw_data/episode_004/frame_011.jpg,1157.6111,True,
episode_004,frame_012,raw_data/episode_004/frame_012.jpg,1207.5745,True,
episode_004,frame_013,raw_data/episode_004/frame_013.jpg,1207.5745,False,duplicate
episode_004,frame_014,raw_data/episode_004/frame_014.jpg,1256.6536,True,
episode_004,frame_015,raw_data/episode_004/frame_015.jpg,1256.6536,False,duplicate
episode_004,frame_016,raw_data/episode_004/frame_016.jpg,975.1582,True,
episode_004,frame_017,raw_data/episode_004/frame_017.jpg,1017.5719,True,
episode_004,frame_018,raw_data/episode_004/frame_018.jpg,1017.5719,False,duplicate
episode_004,frame_019,raw_data/episode_004/frame_019.jpg,1051.1368,True,
episode_004,frame_020,raw_data/episode_004/frame_020.jpg,1189.3483,True,
episode_004,frame_021,raw_data/episode_004/frame_021.jpg,1157.91,True,
episode_004,frame_022,raw_data/episode_004/frame_022.jpg,1049.3833,True,
episode_004,frame_023,raw_data/episode_004/frame_023.jpg,1192.3914,True,
episode_004,frame_024,raw_data/episode_004/frame_024.jpg,1110.5829,True,
episode_004,frame_025,raw_data/episode_004/frame_025.jpg,1210.543,True,
episode_004,frame_026,raw_data/episode_004/frame_026.jpg,1134.6035,True,
episode_004,frame_027,raw_data/episode_004/frame_027.jpg,895.4895,True,
episode_004,frame_028,raw_data/episode_004/frame_028.jpg,1072.3981,True,
episode_004,frame_029,raw_data/episode_004/frame_029.jpg,1120.1188,True,
episode_004,frame_030,raw_data/episode_004/frame_030.jpg,1063.1614,True,
episode_004,frame_031,raw_data/episode_004/frame_031.jpg,1135.1299,True,
episode_004,frame_032,raw_data/episode_004/frame_032.jpg,1255.9793,True,
episode_004,frame_033,raw_data/episode_004/frame_033.jpg,1301.7599,True,
episode_004,frame_034,raw_data/episode_004/frame_034.jpg,1289.3434,True,
episode_004,frame_035,raw_data/episode_004/frame_035.jpg,1361.0616,True,
episode_004,frame_036,raw_data/episode_004/frame_036.jpg,1016.2923,True,
episode_004,frame_037,raw_data/episode_004/frame_037.jpg,1180.9979,True,
episode_004,frame_038,raw_data/episode_004/frame_038.jpg,1163.0248,True,
episode_004,frame_039,raw_data/episode_004/frame_039.jpg,1345.8994,True,
episode_004,frame_040,raw_data/episode_004/frame_040.jpg,1234.7742,True,
episode_004,frame_041,raw_data/episode_004/frame_041.jpg,1278.5948,True,
episode_004,frame_042,raw_data/episode_004/frame_042.jpg,1008.9488,True,
episode_004,frame_043,raw_data/episode_004/frame_043.jpg,1023.9274,True,
episode_004,frame_044,raw_data/episode_004/frame_044.jpg,0.6989,False,blur
episode_004,frame_045,raw_data/episode_004/frame_045.jpg,1123.5442,True,
episode_004,frame_046,raw_data/episode_004/frame_046.jpg,1019.3356,True,
episode_004,frame_047,raw_data/episode_004/frame_047.jpg,991.4863,True,
episode_004,frame_048,raw_data/episode_004/frame_048.jpg,2.9077,False,blur
episode_004,frame_049,raw_data/episode_004/frame_049.jpg,1170.288,True,
episode_004,frame_050,raw_data/episode_004/frame_050.jpg,1037.5851,True,
episode_004,frame_051,raw_data/episode_004/frame_051.jpg,1080.9723,True,
episode_004,frame_052,raw_data/episode_004/frame_052.jpg,1.7695,False,blur
episode_004,frame_053,raw_data/episode_004/frame_053.jpg,1078.6122,True,
episode_004,frame_054,raw_data/episode_004/frame_054.jpg,1183.4473,True,
episode_004,frame_055,raw_data/episode_004/frame_055.jpg,1104.562,True,
episode_004,frame_056,raw_data/episode_004/frame_056.jpg,950.7442,True,
episode_004,frame_057,raw_data/episode_004/frame_057.jpg,1164.7404,True,
episode_004,frame_058,raw_data/episode_004/frame_058.jpg,938.8439,True,
episode_004,frame_059,raw_data/episode_004/frame_059.jpg,1096.3568,True,
episode_004,frame_060,raw_data/episode_004/frame_060.jpg,1094.6558,True,
episode_004,frame_061,raw_data/episode_004/frame_061.jpg,1148.9274,True,
episode_004,frame_062,raw_data/episode_004/frame_062.jpg,1295.4473,True,
episode_004,frame_063,raw_data/episode_004/frame_063.jpg,1.208,False,blur
episode_004,frame_064,raw_data/episode_004/frame_064.jpg,1127.5543,True,
episode_004,frame_065,raw_data/episode_004/frame_065.jpg,1011.7097,True,
episode_004,frame_066,raw_data/episode_004/frame_066.jpg,1042.8093,True,
episode_004,frame_067,raw_data/episode_004/frame_067.jpg,0.8292,False,blur
episode_004,frame_068,raw_data/episode_004/frame_068.jpg,1050.9121,True,
episode_004,frame_069,raw_data/episode_004/frame_069.jpg,1222.81,True,
episode_004,frame_070,raw_data/episode_004/frame_070.jpg,1.2919,False,blur
episode_004,frame_071,raw_data/episode_004/frame_071.jpg,1273.4317,True,
episode_004,frame_072,raw_data/episode_004/frame_072.jpg,1273.4317,False,duplicate
episode_004,frame_073,raw_data/episode_004/frame_073.jpg,1.0567,False,blur
episode_004,frame_074,raw_data/episode_004/frame_074.jpg,1.0567,False,blur
episode_004,frame_075,raw_data/episode_004/frame_075.jpg,1151.7776,True,
episode_004,frame_076,raw_data/episode_004/frame_076.jpg,1069.1695,True,
episode_004,frame_077,raw_data/episode_004/frame_077.jpg,1101.3928,True,
episode_004,frame_078,raw_data/episode_004/frame_078.jpg,982.9319,True,
episode_004,frame_079,raw_data/episode_004/frame_079.jpg,2.77,False,blur
episode_004,frame_080,raw_data/episode_004/frame_080.jpg,1053.1076,True,
episode_004,frame_081,raw_data/episode_004/frame_081.jpg,1074.8893,True,
episode_004,frame_082,raw_data/episode_004/frame_082.jpg,1099.9238,True,
episode_004,frame_083,raw_data/episode_004/frame_083.jpg,1188.4732,True,
episode_004,frame_084,raw_data/episode_004/frame_084.jpg,1188.4732,False,duplicate
episode_004,frame_085,raw_data/episode_004/frame_085.jpg,1033.7859,True,
episode_004,frame_086,raw_data/episode_004/frame_086.jpg,965.2596,True,
episode_004,frame_087,raw_data/episode_004/frame_087.jpg,2.8298,False,blur
episode_004,frame_088,raw_data/episode_004/frame_088.jpg,2.8236,False,blur
episode_004,frame_089,raw_data/episode_004/frame_089.jpg,1.9225,False,blur
episode_004,frame_090,raw_data/episode_004/frame_090.jpg,1200.5641,True,
episode_004,frame_091,raw_data/episode_004/frame_091.jpg,1137.0351,True,
episode_004,frame_092,raw_data/episode_004/frame_092.jpg,1026.1823,True,
episode_004,frame_093,raw_data/episode_004/frame_093.jpg,915.3142,True,
episode_004,frame_094,raw_data/episode_004/frame_094.jpg,954.2808,True,
episode_004,frame_095,raw_data/episode_004/frame_095.jpg,1178.0663,True,
episode_004,frame_096,raw_data/episode_004/frame_096.jpg,924.2177,True,
episode_004,frame_097,raw_data/episode_004/frame_097.jpg,1110.9488,True,
episode_004,frame_098,raw_data/episode_004/frame_098.jpg,1214.5281,True,
episode_004,frame_099,raw_data/episode_004/frame_099.jpg,1181.5595,True,
episode_005,frame_000,raw_data/episode_005/frame_000.jpg,1198.8616,True,
episode_005,frame_001,raw_data/episode_005/frame_001.jpg,1057.4282,True,
episode_005,frame_002,raw_data/episode_005/frame_002.jpg,1076.5322,True,
episode_005,frame_003,raw_data/episode_005/frame_003.jpg,1161.6464,True,
episode_005,frame_004,raw_data/episode_005/frame_004.jpg,1085.6558,True,
episode_005,frame_005,raw_data/episode_005/frame_005.jpg,1148.0606,True,
episode_005,frame_006,raw_data/episode_005/frame_006.jpg,1180.314,True,
episode_005,frame_007,raw_data/episode_005/frame_007.jpg,1093.2813,True,
episode_005,frame_008,raw_data/episode_005/frame_008.jpg,1259.2854,True,
episode_005,frame_009,raw_data/episode_005/frame_009.jpg,1273.5464,True,
episode_005,frame_010,raw_data/episode_005/frame_010.jpg,1166.4535,True,
episode_005,frame_011,raw_data/episode_005/frame_011.jpg,1085.379,True,
episode_005,frame_012,raw_data/episode_005/frame_012.jpg,1031.5557,True,
episode_005,frame_013,raw_data/episode_005/frame_013.jpg,1004.8547,True,
episode_005,frame_014,raw_data/episode_005/frame_014.jpg,1228.2115,True,
episode_005,frame_015,raw_data/episode_005/frame_015.jpg,1065.0406,True,
episode_005,frame_016,raw_data/episode_005/frame_016.jpg,1382.333,True,
episode_005,frame_017,raw_data/episode_005/frame_017.jpg,1169.1759,True,
episode_005,frame_018,raw_data/episode_005/frame_018.jpg,1101.1074,True,
episode_005,frame_019,raw_data/episode_005/frame_019.jpg,1083.249,True,
episode_005,frame_020,raw_data/episode_005/frame_020.jpg,1287.7623,True,
episode_005,frame_021,raw_data/episode_005/frame_021.jpg,1078.9499,True,
episode_005,frame_022,raw_data/episode_005/frame_022.jpg,1326.8321,True,
episode_005,frame_023,raw_data/episode_005/frame_023.jpg,1120.2648,True,
episode_005,frame_024,raw_data/episode_005/frame_024.jpg,1029.9052,True,
episode_005,frame_025,raw_data/episode_005/frame_025.jpg,1029.9052,False,duplicate
episode_005,frame_026,raw_data/episode_005/frame_026.jpg,1138.0258,True,
episode_005,frame_027,raw_data/episode_005/frame_027.jpg,1091.1793,True,
episode_005,frame_028,raw_data/episode_005/frame_028.jpg,1133.2548,True,
episode_005,frame_029,raw_data/episode_005/frame_029.jpg,2.7941,False,blur
episode_005,frame_030,raw_data/episode_005/frame_030.jpg,1057.6907,True,
episode_005,frame_031,raw_data/episode_005/frame_031.jpg,1087.546,True,
episode_005,frame_032,raw_data/episode_005/frame_032.jpg,3.0213,False,blur
episode_005,frame_033,raw_data/episode_005/frame_033.jpg,1138.7108,True,
episode_005,frame_034,raw_data/episode_005/frame_034.jpg,1049.49,True,
episode_005,frame_035,raw_data/episode_005/frame_035.jpg,951.0537,True,
episode_005,frame_036,raw_data/episode_005/frame_036.jpg,1058.629,True,
episode_005,frame_037,raw_data/episode_005/frame_037.jpg,1269.6935,True,
episode_005,frame_038,raw_data/episode_005/frame_038.jpg,994.7132,True,
episode_005,frame_039,raw_data/episode_005/frame_039.jpg,1090.8287,True,
episode_005,frame_040,raw_data/episode_005/frame_040.jpg,1106.5848,True,
episode_005,frame_041,raw_data/episode_005/frame_041.jpg,1040.48,True,
episode_005,frame_042,raw_data/episode_005/frame_042.jpg,1106.9883,True,
episode_005,frame_043,raw_data/episode_005/frame_043.jpg,1139.2443,True,
episode_005,frame_044,raw_data/episode_005/frame_044.jpg,1174.5233,True,
episode_005,frame_045,raw_data/episode_005/frame_045.jpg,972.3688,True,
episode_005,frame_046,raw_data/episode_005/frame_046.jpg,1190.4349,True,
episode_005,frame_047,raw_data/episode_005/frame_047.jpg,1190.4349,False,duplicate
episode_005,frame_048,raw_data/episode_005/frame_048.jpg,1070.2307,True,
episode_005,frame_049,raw_data/episode_005/frame_049.jpg,1017.6254,True,
episode_005,frame_050,raw_data/episode_005/frame_050.jpg,1317.1885,True,
episode_005,frame_051,raw_data/episode_005/frame_051.jpg,1317.1885,False,duplicate
episode_005,frame_052,raw_data/episode_005/frame_052.jpg,999.2597,True,
episode_005,frame_053,raw_data/episode_005/frame_053.jpg,1278.4218,True,
episode_005,frame_054,raw_data/episode_005/frame_054.jpg,1139.0036,True,
episode_005,frame_055,raw_data/episode_005/frame_055.jpg,1283.3313,True,
episode_005,frame_056,raw_data/episode_005/frame_056.jpg,1284.9435,True,
episode_005,frame_057,raw_data/episode_005/frame_057.jpg,1183.3708,True,
episode_005,frame_058,raw_data/episode_005/frame_058.jpg,1193.325,True,
episode_005,frame_059,raw_data/episode_005/frame_059.jpg,1.3231,False,blur
episode_005,frame_060,raw_data/episode_005/frame_060.jpg,1273.8086,True,
episode_005,frame_061,raw_data/episode_005/frame_061.jpg,1281.6053,True,
episode_005,frame_062,raw_data/episode_005/frame_062.jpg,1102.5952,True,
episode_005,frame_063,raw_data/episode_005/frame_063.jpg,1102.5952,False,duplicate
episode_005,frame_064,raw_data/episode_005/frame_064.jpg,1.3919,False,blur
episode_005,frame_065,raw_data/episode_005/frame_065.jpg,964.0151,True,
episode_005,frame_066,raw_data/episode_005/frame_066.jpg,1035.6479,True,
episode_005,frame_067,raw_data/episode_005/frame_067.jpg,1035.6479,False,duplicate
episode_005,frame_068,raw_data/episode_005/frame_068.jpg,1235.6632,True,
episode_005,frame_069,raw_data/episode_005/frame_069.jpg,1235.6632,False,duplicate
episode_005,frame_070,raw_data/episode_005/frame_070.jpg,0.8612,False,blur
episode_005,frame_071,raw_data/episode_005/frame_071.jpg,1075.726,True,
episode_005,frame_072,raw_data/episode_005/frame_072.jpg,1334.6451,True,
episode_005,frame_073,raw_data/episode_005/frame_073.jpg,1.0204,False,blur
episode_005,frame_074,raw_data/episode_005/frame_074.jpg,931.5743,True,
episode_005,frame_075,raw_data/episode_005/frame_075.jpg,1173.1287,True,
episode_005,frame_076,raw_data/episode_005/frame_076.jpg,1220.8927,True,
episode_005,frame_077,raw_data/episode_005/frame_077.jpg,1339.0554,True,
episode_005,frame_078,raw_data/episode_005/frame_078.jpg,1146.3743,True,
episode_005,frame_079,raw_data/episode_005/frame_079.jpg,1095.5238,True,
episode_005,frame_080,raw_data/episode_005/frame_080.jpg,1142.0503,True,
episode_005,frame_081,raw_data/episode_005/frame_081.jpg,1068.1934,True,
episode_005,frame_082,raw_data/episode_005/frame_082.jpg,1039.4579,True,
episode_005,frame_083,raw_data/episode_005/frame_083.jpg,1105.0667,True,
episode_005,frame_084,raw_data/episode_005/frame_084.jpg,1299.3804,True,
episode_005,frame_085,raw_data/episode_005/frame_085.jpg,1082.5307,True,
episode_005,frame_086,raw_data/episode_005/frame_086.jpg,1400.2839,True,
episode_005,frame_087,raw_data/episode_005/frame_087.jpg,962.832,True,
episode_005,frame_088,raw_data/episode_005/frame_088.jpg,1281.6165,True,
episode_005,frame_089,raw_data/episode_005/frame_089.jpg,1273.3384,True,
episode_005,frame_090,raw_data/episode_005/frame_090.jpg,1218.3563,True,
episode_005,frame_091,raw_data/episode_005/frame_091.jpg,1097.4716,True,
episode_005,frame_092,raw_data/episode_005/frame_092.jpg,1146.1155,True,
episode_005,frame_093,raw_data/episode_005/frame_093.jpg,1146.1155,False,duplicate
episode_005,frame_094,raw_data/episode_005/frame_094.jpg,1093.8024,True,
episode_005,frame_095,raw_data/episode_005/frame_095.jpg,1062.8717,True,
episode_005,frame_096,raw_data/episode_005/frame_096.jpg,1044.041,True,
episode_005,frame_097,raw_data/episode_005/frame_097.jpg,1085.3686,True,
episode_005,frame_098,raw_data/episode_005/frame_098.jpg,1118.57,True,
episode_005,frame_099,raw_data/episode_005/frame_099.jpg,1118.57,False,duplicate
episode_006,frame_000,raw_data/episode_006/frame_000.jpg,980.9464,True,
episode_006,frame_001,raw_data/episode_006/frame_001.jpg,1173.8192,True,
episode_006,frame_002,raw_data/episode_006/frame_002.jpg,1297.5845,True,
episode_006,frame_003,raw_data/episode_006/frame_003.jpg,1265.8248,True,
episode_006,frame_004,raw_data/episode_006/frame_004.jpg,1190.8599,True,
episode_006,frame_005,raw_data/episode_006/frame_005.jpg,1113.6113,True,
episode_006,frame_006,raw_data/episode_006/frame_006.jpg,1231.3126,True,
episode_006,frame_007,raw_data/episode_006/frame_007.jpg,1022.3632,True,
episode_006,frame_008,raw_data/episode_006/frame_008.jpg,1357.7889,True,
episode_006,frame_009,raw_data/episode_006/frame_009.jpg,1132.2955,True,
episode_006,frame_010,raw_data/episode_006/frame_010.jpg,1139.2078,True,
episode_006,frame_011,raw_data/episode_006/frame_011.jpg,1078.4144,True,
episode_006,frame_012,raw_data/episode_006/frame_012.jpg,1035.7207,True,
episode_006,frame_013,raw_data/episode_006/frame_013.jpg,1157.1085,True,
episode_006,frame_014,raw_data/episode_006/frame_014.jpg,1231.6712,True,
episode_006,frame_015,raw_data/episode_006/frame_015.jpg,1190.7446,True,
episode_006,frame_016,raw_data/episode_006/frame_016.jpg,980.8907,True,
episode_006,frame_017,raw_data/episode_006/frame_017.jpg,1.0634,False,blur
episode_006,frame_018,raw_data/episode_006/frame_018.jpg,1173.3159,True,
episode_006,frame_019,raw_data/episode_006/frame_019.jpg,1176.3118,True,
episode_006,frame_020,raw_data/episode_006/frame_020.jpg,1104.9616,True,
episode_006,frame_021,raw_data/episode_006/frame_021.jpg,1188.8149,True,
episode_006,frame_022,raw_data/episode_006/frame_022.jpg,1074.458,True,
episode_006,frame_023,raw_data/episode_006/frame_023.jpg,1232.3523,True,
episode_006,frame_024,raw_data/episode_006/frame_024.jpg,1063.6895,True,
episode_006,frame_025,raw_data/episode_006/frame_025.jpg,1002.6904,True,
episode_006,frame_026,raw_data/episode_006/frame_026.jpg,1170.0983,True,
episode_006,frame_027,raw_data/episode_006/frame_027.jpg,1077.4603,True,
episode_006,frame_028,raw_data/episode_006/frame_028.jpg,1163.0249,True,
episode_006,frame_029,raw_data/episode_006/frame_029.jpg,1149.1822,True,
episode_006,frame_030,raw_data/episode_006/frame_030.jpg,1144.2814,True,
episode_006,frame_031,raw_data/episode_006/frame_031.jpg,1144.2814,False,duplicate
episode_006,frame_032,raw_data/episode_006/frame_032.jpg,999.0293,True,
episode_006,frame_033,raw_data/episode_006/frame_033.jpg,1046.0379,True,
episode_006,frame_034,raw_data/episode_006/frame_034.jpg,1103.3835,True,
episode_006,frame_035,raw_data/episode_006/frame_035.jpg,1201.1102,True,
episode_006,frame_036,raw_data/episode_006/frame_036.jpg,1189.1597,True,
episode_006,frame_037,raw_data/episode_006/frame_037.jpg,1157.0472,True,
episode_006,frame_038,raw_data/episode_006/frame_038.jpg,1242.1021,True,
episode_006,frame_039,raw_data/episode_006/frame_039.jpg,1067.0906,True,
episode_006,frame_040,raw_data/episode_006/frame_040.jpg,1192.8218,True,
episode_006,frame_041,raw_data/episode_006/frame_041.jpg,1192.8218,False,duplicate
episode_006,frame_042,raw_data/episode_006/frame_042.jpg,1167.0391,True,
episode_006,frame_043,raw_data/episode_006/frame_043.jpg,1003.2972,True,
episode_006,frame_044,raw_data/episode_006/frame_044.jpg,990.5106,True,
episode_006,frame_045,raw_data/episode_006/frame_045.jpg,1172.9077,True,
episode_006,frame_046,raw_data/episode_006/frame_046.jpg,2.8785,False,blur
episode_006,frame_047,raw_data/episode_006/frame_047.jpg,1124.5897,True,
episode_006,frame_048,raw_data/episode_006/frame_048.jpg,1175.2668,True,
episode_006,frame_049,raw_data/episode_006/frame_049.jpg,1.7856,False,blur
episode_006,frame_050,raw_data/episode_006/frame_050.jpg,1220.1626,True,
episode_006,frame_051,raw_data/episode_006/frame_051.jpg,1228.7759,True,
episode_006,frame_052,raw_data/episode_006/frame_052.jpg,1154.3976,True,
episode_006,frame_053,raw_data/episode_006/frame_053.jpg,1370.0714,True,
episode_006,frame_054,raw_data/episode_006/frame_054.jpg,1023.9006,True,
episode_006,frame_055,raw_data/episode_006/frame_055.jpg,1080.0059,True,
episode_006,frame_056,raw_data/episode_006/frame_056.jpg,1132.7047,True,
episode_006,frame_057,raw_data/episode_006/frame_057.jpg,1254.6905,True,
episode_006,frame_058,raw_data/episode_006/frame_058.jpg,1.4816,False,blur
episode_006,frame_059,raw_data/episode_006/frame_059.jpg,1249.7013,True,
episode_006,frame_060,raw_data/episode_006/frame_060.jpg,946.1823,True,
episode_006,frame_061,raw_data/episode_006/frame_061.jpg,1130.2615,True,
episode_006,frame_062,raw_data/episode_006/frame_062.jpg,1226.2105,True,
episode_006,frame_063,raw_data/episode_006/frame_063.jpg,1073.0739,True,
episode_006,frame_064,raw_data/episode_006/frame_064.jpg,1042.6859,True,
episode_006,frame_065,raw_data/episode_006/frame_065.jpg,2.3879,False,blur
episode_006,frame_066,raw_data/episode_006/frame_066.jpg,968.5835,True,
episode_006,frame_067,raw_data/episode_006/frame_067.jpg,1093.8484,True,
episode_006,frame_068,raw_data/episode_006/frame_068.jpg,1221.7587,True,
episode_006,frame_069,raw_data/episode_006/frame_069.jpg,1056.0076,True,
episode_006,frame_070,raw_data/episode_006/frame_070.jpg,1.175,False,blur
episode_006,frame_071,raw_data/episode_006/frame_071.jpg,994.8652,True,
episode_006,frame_072,raw_data/episode_006/frame_072.jpg,994.8652,False,duplicate
episode_006,frame_073,raw_data/episode_006/frame_073.jpg,1504.1673,True,
episode_006,frame_074,raw_data/episode_006/frame_074.jpg,2.3033,False,blur
episode_006,frame_075,raw_data/episode_006/frame_075.jpg,1137.883,True,
episode_006,frame_076,raw_data/episode_006/frame_076.jpg,972.675,True,
episode_006,frame_077,raw_data/episode_006/frame_077.jpg,1155.9922,True,
episode_006,frame_078,raw_data/episode_006/frame_078.jpg,1027.2727,True,
episode_006,frame_079,raw_data/episode_006/frame_079.jpg,1027.2727,False,duplicate
episode_006,frame_080,raw_data/episode_006/frame_080.jpg,1159.8606,True,
episode_006,frame_081,raw_data/episode_006/frame_081.jpg,972.0844,True,
episode_006,frame_082,raw_data/episode_006/frame_082.jpg,1125.8942,True,
episode_006,frame_083,raw_data/episode_006/frame_083.jpg,1367.8789,True,
episode_006,frame_084,raw_data/episode_006/frame_084.jpg,967.1491,True,
episode_006,frame_085,raw_data/episode_006/frame_085.jpg,1158.1285,True,
episode_006,frame_086,raw_data/episode_006/frame_086.jpg,1213.6014,True,
episode_006,frame_087,raw_data/episode_006/frame_087.jpg,1080.8784,True,
episode_006,frame_088,raw_data/episode_006/frame_088.jpg,1153.3481,True,
episode_006,frame_089,raw_data/episode_006/frame_089.jpg,1153.3481,False,duplicate
episode_006,frame_090,raw_data/episode_006/frame_090.jpg,1115.0482,True,
episode_006,frame_091,raw_data/episode_006/frame_091.jpg,2.374,False,blur
episode_006,frame_092,raw_data/episode_006/frame_092.jpg,1075.7776,True,
episode_006,frame_093,raw_data/episode_006/frame_093.jpg,1094.9376,True,
episode_006,frame_094,raw_data/episode_006/frame_094.jpg,847.3766,True,
episode_006,frame_095,raw_data/episode_006/frame_095.jpg,1121.8819,True,
episode_006,frame_096,raw_data/episode_006/frame_096.jpg,1220.3913,True,
episode_006,frame_097,raw_data/episode_006/frame_097.jpg,1208.0181,True,
episode_006,frame_098,raw_data/episode_006/frame_098.jpg,1069.2916,True,
episode_006,frame_099,raw_data/episode_006/frame_099.jpg,1158.403,True,
episode_007,frame_000,raw_data/episode_007/frame_000.jpg,1171.5216,True,
episode_007,frame_001,raw_data/episode_007/frame_001.jpg,1170.6481,True,
episode_007,frame_002,raw_data/episode_007/frame_002.jpg,1075.9314,True,
episode_007,frame_003,raw_data/episode_007/frame_003.jpg,2.2552,False,blur
episode_007,frame_004,raw_data/episode_007/frame_004.jpg,1.2388,False,blur
episode_007,frame_005,raw_data/episode_007/frame_005.jpg,1183.7238,True,
episode_007,frame_006,raw_data/episode_007/frame_006.jpg,1147.0291,True,
episode_007,frame_007,raw_data/episode_007/frame_007.jpg,1048.1304,True,
episode_007,frame_008,raw_data/episode_007/frame_008.jpg,1182.6664,True,
episode_007,frame_009,raw_data/episode_007/frame_009.jpg,1032.23,True,
episode_007,frame_010,raw_data/episode_007/frame_010.jpg,1222.4122,True,
episode_007,frame_011,raw_data/episode_007/frame_011.jpg,1087.4624,True,
episode_007,frame_012,raw_data/episode_007/frame_012.jpg,1087.4624,False,duplicate
episode_007,frame_013,raw_data/episode_007/frame_013.jpg,1256.7414,True,
episode_007,frame_014,raw_data/episode_007/frame_014.jpg,1359.3691,True,
episode_007,frame_015,raw_data/episode_007/frame_015.jpg,1174.3106,True,
episode_007,frame_016,raw_data/episode_007/frame_016.jpg,2.7096,False,blur
episode_007,frame_017,raw_data/episode_007/frame_017.jpg,942.9434,True,
episode_007,frame_018,raw_data/episode_007/frame_018.jpg,0.891,False,blur
episode_007,frame_019,raw_data/episode_007/frame_019.jpg,979.823,True,
episode_007,frame_020,raw_data/episode_007/frame_020.jpg,1097.5246,True,
episode_007,frame_021,raw_data/episode_007/frame_021.jpg,1203.7646,True,
episode_007,frame_022,raw_data/episode_007/frame_022.jpg,1130.1489,True,
episode_007,frame_023,raw_data/episode_007/frame_023.jpg,3.0684,False,blur
episode_007,frame_024,raw_data/episode_007/frame_024.jpg,1233.6876,True,
episode_007,frame_025,raw_data/episode_007/frame_025.jpg,1233.6876,False,duplicate
episode_007,frame_026,raw_data/episode_007/frame_026.jpg,1002.045,True,
episode_007,frame_027,raw_data/episode_007/frame_027.jpg,1257.3546,True,
episode_007,frame_028,raw_data/episode_007/frame_028.jpg,1117.5616,True,
episode_007,frame_029,raw_data/episode_007/frame_029.jpg,1175.4445,True,
episode_007,frame_030,raw_data/episode_007/frame_030.jpg,1116.3393,True,
episode_007,frame_031,raw_data/episode_007/frame_031.jpg,1045.2096,True,
episode_007,frame_032,raw_data/episode_007/frame_032.jpg,1145.5542,True,
episode_007,frame_033,raw_data/episode_007/frame_033.jpg,0.9299,False,blur
episode_007,frame_034,raw_data/episode_007/frame_034.jpg,1109.4151,True,
episode_007,frame_035,raw_data/episode_007/frame_035.jpg,1108.7995,True,
episode_007,frame_036,raw_data/episode_007/frame_036.jpg,1235.5033,True,
episode_007,frame_037,raw_data/episode_007/frame_037.jpg,1113.1794,True,
episode_007,frame_038,raw_data/episode_007/frame_038.jpg,1260.2932,True,
episode_007,frame_039,raw_data/episode_007/frame_039.jpg,1132.091,True,
episode_007,frame_040,raw_data/episode_007/frame_040.jpg,1145.2589,True,
episode_007,frame_041,raw_data/episode_007/frame_041.jpg,1145.2589,False,duplicate
episode_007,frame_042,raw_data/episode_007/frame_042.jpg,1004.0905,True,
episode_007,frame_043,raw_data/episode_007/frame_043.jpg,0.9175,False,blur
episode_007,frame_044,raw_data/episode_007/frame_044.jpg,1046.5876,True,
episode_007,frame_045,raw_data/episode_007/frame_045.jpg,974.3242,True,
episode_007,frame_046,raw_data/episode_007/frame_046.jpg,1017.709,True,
episode_007,frame_047,raw_data/episode_007/frame_047.jpg,1126.3036,True,
episode_007,frame_048,raw_data/episode_007/frame_048.jpg,1026.8234,True,
episode_007,frame_049,raw_data/episode_007/frame_049.jpg,1040.2464,True,
episode_007,frame_050,raw_data/episode_007/frame_050.jpg,2.2399,False,blur
episode_007,frame_051,raw_data/episode_007/frame_051.jpg,2.2399,False,blur
episode_007,frame_052,raw_data/episode_007/frame_052.jpg,1182.3144,True,
episode_007,frame_053,raw_data/episode_007/frame_053.jpg,1098.662,True,
episode_007,frame_054,raw_data/episode_007/frame_054.jpg,2.1571,False,blur
episode_007,frame_055,raw_data/episode_007/frame_055.jpg,0.8302,False,blur
episode_007,frame_056,raw_data/episode_007/frame_056.jpg,1038.9149,True,
episode_007,frame_057,raw_data/episode_007/frame_057.jpg,1145.096,True,
episode_007,frame_058,raw_data/episode_007/frame_058.jpg,1024.7281,True,
episode_007,frame_059,raw_data/episode_007/frame_059.jpg,1024.7281,False,duplicate
episode_007,frame_060,raw_data/episode_007/frame_060.jpg,976.7597,True,
episode_007,frame_061,raw_data/episode_007/frame_061.jpg,1198.37,True,
episode_007,frame_062,raw_data/episode_007/frame_062.jpg,1142.5331,True,
episode_007,frame_063,raw_data/episode_007/frame_063.jpg,2.0892,False,blur
episode_007,frame_064,raw_data/episode_007/frame_064.jpg,1126.8863,True,
episode_007,frame_065,raw_data/episode_007/frame_065.jpg,1.4477,False,blur
episode_007,frame_066,raw_data/episode_007/frame_066.jpg,1226.9433,True,
episode_007,frame_067,raw_data/episode_007/frame_067.jpg,1033.4204,True,
episode_007,frame_068,raw_data/episode_007/frame_068.jpg,1155.5123,True,
episode_007,frame_069,raw_data/episode_007/frame_069.jpg,833.4415,True,
episode_007,frame_070,raw_data/episode_007/frame_070.jpg,1023.3168,True,
episode_007,frame_071,raw_data/episode_007/frame_071.jpg,1179.3838,True,
episode_007,frame_072,raw_data/episode_007/frame_072.jpg,1038.6757,True,
episode_007,frame_073,raw_data/episode_007/frame_073.jpg,1125.9178,True,
episode_007,frame_074,raw_data/episode_007/frame_074.jpg,908.5634,True,
episode_007,frame_075,raw_data/episode_007/frame_075.jpg,1031.811,True,
episode_007,frame_076,raw_data/episode_007/frame_076.jpg,1270.8238,True,
episode_007,frame_077,raw_data/episode_007/frame_077.jpg,0.8315,False,blur
episode_007,frame_078,raw_data/episode_007/frame_078.jpg,1081.9376,True,
episode_007,frame_079,raw_data/episode_007/frame_079.jpg,1081.9376,False,duplicate
episode_007,frame_080,raw_data/episode_007/frame_080.jpg,1081.9376,False,duplicate
episode_007,frame_081,raw_data/episode_007/frame_081.jpg,1078.6071,True,
episode_007,frame_082,raw_data/episode_007/frame_082.jpg,1283.9494,True,
episode_007,frame_083,raw_data/episode_007/frame_083.jpg,990.3851,True,
episode_007,frame_084,raw_data/episode_007/frame_084.jpg,1091.3648,True,
episode_007,frame_085,raw_data/episode_007/frame_085.jpg,1104.9313,True,
episode_007,frame_086,raw_data/episode_007/frame_086.jpg,1.1768,False,blur
episode_007,frame_087,raw_data/episode_007/frame_087.jpg,1257.9032,True,
episode_007,frame_088,raw_data/episode_007/frame_088.jpg,1220.1497,True,
episode_007,frame_089,raw_data/episode_007/frame_089.jpg,1183.2233,True,
episode_007,frame_090,raw_data/episode_007/frame_090.jpg,1120.9026,True,
episode_007,frame_091,raw_data/episode_007/frame_091.jpg,1160.3426,True,
episode_007,frame_092,raw_data/episode_007/frame_092.jpg,2.5523,False,blur
episode_007,frame_093,raw_data/episode_007/frame_093.jpg,929.1623,True,
episode_007,frame_094,raw_data/episode_007/frame_094.jpg,929.1623,False,duplicate
episode_007,frame_095,raw_data/episode_007/frame_095.jpg,1190.5975,True,
episode_007,frame_096,raw_data/episode_007/frame_096.jpg,1183.874,True,
episode_007,frame_097,raw_data/episode_007/frame_097.jpg,1103.4826,True,
episode_007,frame_098,raw_data/episode_007/frame_098.jpg,1116.1696,True,
episode_007,frame_099,raw_data/episode_007/frame_099.jpg,1.4865,False,blur
episode_008,frame_000,raw_data/episode_008/frame_000.jpg,980.4887,True,
episode_008,frame_001,raw_data/episode_008/frame_001.jpg,1.4121,False,blur
episode_008,frame_002,raw_data/episode_008/frame_002.jpg,1107.3759,True,
episode_008,frame_003,raw_data/episode_008/frame_003.jpg,1279.1341,True,
episode_008,frame_004,raw_data/episode_008/frame_004.jpg,2.3743,False,blur
episode_008,frame_005,raw_data/episode_008/frame_005.jpg,1305.9252,True,
episode_008,frame_006,raw_data/episode_008/frame_006.jpg,1161.3124,True,
episode_008,frame_007,raw_data/episode_008/frame_007.jpg,1279.3276,True,
episode_008,frame_008,raw_data/episode_008/frame_008.jpg,989.3066,True,
episode_008,frame_009,raw_data/episode_008/frame_009.jpg,1007.7301,True,
episode_008,frame_010,raw_data/episode_008/frame_010.jpg,1262.0331,True,
episode_008,frame_011,raw_data/episode_008/frame_011.jpg,1125.3337,True,
episode_008,frame_012,raw_data/episode_008/frame_012.jpg,1049.1293,True,
episode_008,frame_013,raw_data/episode_008/frame_013.jpg,1174.9575,True,
episode_008,frame_014,raw_data/episode_008/frame_014.jpg,1.5948,False,blur
episode_008,frame_015,raw_data/episode_008/frame_015.jpg,1110.4456,True,
episode_008,frame_016,raw_data/episode_008/frame_016.jpg,1172.3267,True,
episode_008,frame_017,raw_data/episode_008/frame_017.jpg,882.0821,True,
episode_008,frame_018,raw_data/episode_008/frame_018.jpg,1.1787,False,blur
episode_008,frame_019,raw_data/episode_008/frame_019.jpg,1219.8951,True,
episode_008,frame_020,raw_data/episode_008/frame_020.jpg,1102.8856,True,
episode_008,frame_021,raw_data/episode_008/frame_021.jpg,1.3953,False,blur
episode_008,frame_022,raw_data/episode_008/frame_022.jpg,1245.0655,True,
episode_008,frame_023,raw_data/episode_008/frame_023.jpg,1051.5955,True,
episode_008,frame_024,raw_data/episode_008/frame_024.jpg,1025.454,True,
episode_008,frame_025,raw_data/episode_008/frame_025.jpg,1165.2694,True,
episode_008,frame_026,raw_data/episode_008/frame_026.jpg,1168.6264,True,
episode_008,frame_027,raw_data/episode_008/frame_027.jpg,1076.3828,True,
episode_008,frame_028,raw_data/episode_008/frame_028.jpg,1188.6353,True,
episode_008,frame_029,raw_data/episode_008/frame_029.jpg,1110.0931,True,
episode_008,frame_030,raw_data/episode_008/frame_030.jpg,1131.8059,True,
episode_008,frame_031,raw_data/episode_008/frame_031.jpg,1013.0744,True,
episode_008,frame_032,raw_data/episode_008/frame_032.jpg,1013.0744,False,duplicate
episode_008,frame_033,raw_data/episode_008/frame_033.jpg,1.6341,False,blur
episode_008,frame_034,raw_data/episode_008/frame_034.jpg,1177.661,True,
episode_008,frame_035,raw_data/episode_008/frame_035.jpg,1004.7727,True,
episode_008,frame_036,raw_data/episode_008/frame_036.jpg,1100.7326,True,
episode_008,frame_037,raw_data/episode_008/frame_037.jpg,955.0181,True,
episode_008,frame_038,raw_data/episode_008/frame_038.jpg,997.0311,True,
episode_008,frame_039,raw_data/episode_008/frame_039.jpg,990.8427,True,
episode_008,frame_040,raw_data/episode_008/frame_040.jpg,1030.2002,True,
episode_008,frame_041,raw_data/episode_008/frame_041.jpg,1194.2966,True,
episode_008,frame_042,raw_data/episode_008/frame_042.jpg,1091.3884,True,
episode_008,frame_043,raw_data/episode_008/frame_043.jpg,1047.4725,True,
episode_008,frame_044,raw_data/episode_008/frame_044.jpg,1165.9736,True,
episode_008,frame_045,raw_data/episode_008/frame_045.jpg,1141.9572,True,
episode_008,frame_046,raw_data/episode_008/frame_046.jpg,1.6398,False,blur
episode_008,frame_047,raw_data/episode_008/frame_047.jpg,2.9001,False,blur
episode_008,frame_048,raw_data/episode_008/frame_048.jpg,991.4193,True,
episode_008,frame_049,raw_data/episode_008/frame_049.jpg,1061.2356,True,
episode_008,frame_050,raw_data/episode_008/frame_050.jpg,1063.3113,True,
episode_008,frame_051,raw_data/episode_008/frame_051.jpg,1063.3113,False,duplicate
episode_008,frame_052,raw_data/episode_008/frame_052.jpg,1151.465,True,
episode_008,frame_053,raw_data/episode_008/frame_053.jpg,1140.967,True,
episode_008,frame_054,raw_data/episode_008/frame_054.jpg,2.5498,False,blur
episode_008,frame_055,raw_data/episode_008/frame_055.jpg,1196.4701,True,
episode_008,frame_056,raw_data/episode_008/frame_056.jpg,1173.8822,True,
episode_008,frame_057,raw_data/episode_008/frame_057.jpg,1046.3858,True,
episode_008,frame_058,raw_data/episode_008/frame_058.jpg,0.8247,False,blur
episode_008,frame_059,raw_data/episode_008/frame_059.jpg,1.8892,False,blur
episode_008,frame_060,raw_data/episode_008/frame_060.jpg,1150.9661,True,
episode_008,frame_061,raw_data/episode_008/frame_061.jpg,1209.6983,True,
episode_008,frame_062,raw_data/episode_008/frame_062.jpg,1101.7534,True,
episode_008,frame_063,raw_data/episode_008/frame_063.jpg,1094.8865,True,
episode_008,frame_064,raw_data/episode_008/frame_064.jpg,1167.4141,True,
episode_008,frame_065,raw_data/episode_008/frame_065.jpg,1283.4319,True,
episode_008,frame_066,raw_data/episode_008/frame_066.jpg,1115.8945,True,
episode_008,frame_067,raw_data/episode_008/frame_067.jpg,1115.8945,False,duplicate
episode_008,frame_068,raw_data/episode_008/frame_068.jpg,1175.7401,True,
episode_008,frame_069,raw_data/episode_008/frame_069.jpg,1209.0105,True,
episode_008,frame_070,raw_data/episode_008/frame_070.jpg,1134.6715,True,
episode_008,frame_071,raw_data/episode_008/frame_071.jpg,1053.8129,True,
episode_008,frame_072,raw_data/episode_008/frame_072.jpg,1007.9984,True,
episode_008,frame_073,raw_data/episode_008/frame_073.jpg,1118.1483,True,
episode_008,frame_074,raw_data/episode_008/frame_074.jpg,1047.4643,True,
episode_008,frame_075,raw_data/episode_008/frame_075.jpg,1145.7918,True,
episode_008,frame_076,raw_data/episode_008/frame_076.jpg,1196.5409,True,
episode_008,frame_077,raw_data/episode_008/frame_077.jpg,1.7963,False,blur
episode_008,frame_078,raw_data/episode_008/frame_078.jpg,1017.6436,True,
episode_008,frame_079,raw_data/episode_008/frame_079.jpg,1177.033,True,
episode_008,frame_080,raw_data/episode_008/frame_080.jpg,1071.5324,True,
episode_008,frame_081,raw_data/episode_008/frame_081.jpg,1.5654,False,blur
episode_008,frame_082,raw_data/episode_008/frame_082.jpg,1124.0124,True,
episode_008,frame_083,raw_data/episode_008/frame_083.jpg,1109.3034,True,
episode_008,frame_084,raw_data/episode_008/frame_084.jpg,1056.704,True,
episode_008,frame_085,raw_data/episode_008/frame_085.jpg,1019.9225,True,
episode_008,frame_086,raw_data/episode_008/frame_086.jpg,1035.4619,True,
episode_008,frame_087,raw_data/episode_008/frame_087.jpg,1116.2466,True,
episode_008,frame_088,raw_data/episode_008/frame_088.jpg,966.1566,True,
episode_008,frame_089,raw_data/episode_008/frame_089.jpg,1150.6169,True,
episode_008,frame_090,raw_data/episode_008/frame_090.jpg,1168.3374,True,
episode_008,frame_091,raw_data/episode_008/frame_091.jpg,2.1452,False,blur
episode_008,frame_092,raw_data/episode_008/frame_092.jpg,1124.9087,True,
episode_008,frame_093,raw_data/episode_008/frame_093.jpg,994.6478,True,
episode_008,frame_094,raw_data/episode_008/frame_094.jpg,996.7943,True,
episode_008,frame_095,raw_data/episode_008/frame_095.jpg,996.7943,False,duplicate
episode_008,frame_096,raw_data/episode_008/frame_096.jpg,1258.4775,True,
episode_008,frame_097,raw_data/episode_008/frame_097.jpg,1100.8399,True,
episode_008,frame_098,raw_data/episode_008/frame_098.jpg,1000.2413,True,
episode_008,frame_099,raw_data/episode_008/frame_099.jpg,1104.8658,True,
episode_009,frame_000,raw_data/episode_009/frame_000.jpg,1277.4004,True,
episode_009,frame_001,raw_data/episode_009/frame_001.jpg,1022.7787,True,
episode_009,frame_002,raw_data/episode_009/frame_002.jpg,1129.6802,True,
episode_009,frame_003,raw_data/episode_009/frame_003.jpg,1304.5342,True,
episode_009,frame_004,raw_data/episode_009/frame_004.jpg,1039.6081,True,
episode_009,frame_005,raw_data/episode_009/frame_005.jpg,1265.7084,True,
episode_009,frame_006,raw_data/episode_009/frame_006.jpg,1292.6263,True,
episode_009,frame_007,raw_data/episode_009/frame_007.jpg,1136.0224,True,
episode_009,frame_008,raw_data/episode_009/frame_008.jpg,1327.8578,True,
episode_009,frame_009,raw_data/episode_009/frame_009.jpg,1174.198,True,
episode_009,frame_010,raw_data/episode_009/frame_010.jpg,1022.5021,True,
episode_009,frame_011,raw_data/episode_009/frame_011.jpg,1092.5135,True,
episode_009,frame_012,raw_data/episode_009/frame_012.jpg,1160.9218,True,
episode_009,frame_013,raw_data/episode_009/frame_013.jpg,1014.1042,True,
episode_009,frame_014,raw_data/episode_009/frame_014.jpg,1067.8156,True,
episode_009,frame_015,raw_data/episode_009/frame_015.jpg,1007.7845,True,
episode_009,frame_016,raw_data/episode_009/frame_016.jpg,1063.8326,True,
episode_009,frame_017,raw_data/episode_009/frame_017.jpg,1013.6124,True,
episode_009,frame_018,raw_data/episode_009/frame_018.jpg,1067.4506,True,
episode_009,frame_019,raw_data/episode_009/frame_019.jpg,1274.9475,True,
episode_009,frame_020,raw_data/episode_009/frame_020.jpg,1126.4875,True,
episode_009,frame_021,raw_data/episode_009/frame_021.jpg,1061.7022,True,
episode_009,frame_022,raw_data/episode_009/frame_022.jpg,1115.5117,True,
episode_009,frame_023,raw_data/episode_009/frame_023.jpg,1181.7446,True,
episode_009,frame_024,raw_data/episode_009/frame_024.jpg,1155.8728,True,
episode_009,frame_025,raw_data/episode_009/frame_025.jpg,0.8307,False,blur
episode_009,frame_026,raw_data/episode_009/frame_026.jpg,1.428,False,blur
episode_009,frame_027,raw_data/episode_009/frame_027.jpg,981.2616,True,
episode_009,frame_028,raw_data/episode_009/frame_028.jpg,1.8719,False,blur
episode_009,frame_029,raw_data/episode_009/frame_029.jpg,986.0755,True,
episode_009,frame_030,raw_data/episode_009/frame_030.jpg,1291.1528,True,
episode_009,frame_031,raw_data/episode_009/frame_031.jpg,1448.2616,True,
episode_009,frame_032,raw_data/episode_009/frame_032.jpg,974.1004,True,
episode_009,frame_033,raw_data/episode_009/frame_033.jpg,997.1914,True,
episode_009,frame_034,raw_data/episode_009/frame_034.jpg,1117.081,True,
episode_009,frame_035,raw_data/episode_009/frame_035.jpg,968.4715,True,
episode_009,frame_036,raw_data/episode_009/frame_036.jpg,1046.0729,True,
episode_009,frame_037,raw_data/episode_009/frame_037.jpg,1046.0729,False,duplicate
episode_009,frame_038,raw_data/episode_009/frame_038.jpg,1282.4544,True,
episode_009,frame_039,raw_data/episode_009/frame_039.jpg,1197.5577,True,
episode_009,frame_040,raw_data/episode_009/frame_040.jpg,1246.3271,True,
episode_009,frame_041,raw_data/episode_009/frame_041.jpg,975.4514,True,
episode_009,frame_042,raw_data/episode_009/frame_042.jpg,865.7161,True,
episode_009,frame_043,raw_data/episode_009/frame_043.jpg,967.885,True,
episode_009,frame_044,raw_data/episode_009/frame_044.jpg,1318.647,True,
episode_009,frame_045,raw_data/episode_009/frame_045.jpg,1306.6906,True,
episode_009,frame_046,raw_data/episode_009/frame_046.jpg,1091.0963,True,
episode_009,frame_047,raw_data/episode_009/frame_047.jpg,1303.2659,True,
episode_009,frame_048,raw_data/episode_009/frame_048.jpg,1145.7296,True,
episode_009,frame_049,raw_data/episode_009/frame_049.jpg,1.0147,False,blur
episode_009,frame_050,raw_data/episode_009/frame_050.jpg,1268.7164,True,
episode_009,frame_051,raw_data/episode_009/frame_051.jpg,1007.2288,True,
episode_009,frame_052,raw_data/episode_009/frame_052.jpg,1360.9801,True,
episode_009,frame_053,raw_data/episode_009/frame_053.jpg,1113.9038,True,
episode_009,frame_054,raw_data/episode_009/frame_054.jpg,2.0088,False,blur
episode_009,frame_055,raw_data/episode_009/frame_055.jpg,1061.7613,True,
episode_009,frame_056,raw_data/episode_009/frame_056.jpg,1193.9327,True,
episode_009,frame_057,raw_data/episode_009/frame_057.jpg,1064.5448,True,
episode_009,frame_058,raw_data/episode_009/frame_058.jpg,1065.0143,True,
episode_009,frame_059,raw_data/episode_009/frame_059.jpg,1059.6603,True,
episode_009,frame_060,raw_data/episode_009/frame_060.jpg,1156.1685,True,
episode_009,frame_061,raw_data/episode_009/frame_061.jpg,1165.1149,True,
episode_009,frame_062,raw_data/episode_009/frame_062.jpg,1224.9227,True,
episode_009,frame_063,raw_data/episode_009/frame_063.jpg,1053.0954,True,
episode_009,frame_064,raw_data/episode_009/frame_064.jpg,1060.152,True,
episode_009,frame_065,raw_data/episode_009/frame_065.jpg,1044.5886,True,
episode_009,frame_066,raw_data/episode_009/frame_066.jpg,1044.5886,False,duplicate
episode_009,frame_067,raw_data/episode_009/frame_067.jpg,1.456,False,blur
episode_009,frame_068,raw_data/episode_009/frame_068.jpg,1270.0975,True,
episode_009,frame_069,raw_data/episode_009/frame_069.jpg,1270.0975,False,duplicate
episode_009,frame_070,raw_data/episode_009/frame_070.jpg,1155.2604,True,
episode_009,frame_071,raw_data/episode_009/frame_071.jpg,1075.2265,True,
episode_009,frame_072,raw_data/episode_009/frame_072.jpg,1212.4059,True,
episode_009,frame_073,raw_data/episode_009/frame_073.jpg,1286.0487,True,
episode_009,frame_074,raw_data/episode_009/frame_074.jpg,1253.5412,True,
episode_009,frame_075,raw_data/episode_009/frame_075.jpg,2.5273,False,blur
episode_009,frame_076,raw_data/episode_009/frame_076.jpg,1195.4087,True,
episode_009,frame_077,raw_data/episode_009/frame_077.jpg,1110.6301,True,
episode_009,frame_078,raw_data/episode_009/frame_078.jpg,1126.91,True,
episode_009,frame_079,raw_data/episode_009/frame_079.jpg,1126.91,False,duplicate
episode_009,frame_080,raw_data/episode_009/frame_080.jpg,1386.7982,True,
episode_009,frame_081,raw_data/episode_009/frame_081.jpg,1113.8532,True,
episode_009,frame_082,raw_data/episode_009/frame_082.jpg,1.523,False,blur
episode_009,frame_083,raw_data/episode_009/frame_083.jpg,1218.2732,True,
episode_009,frame_084,raw_data/episode_009/frame_084.jpg,1114.1597,True,
episode_009,frame_085,raw_data/episode_009/frame_085.jpg,1358.6016,True,
episode_009,frame_086,raw_data/episode_009/frame_086.jpg,1237.7014,True,
episode_009,frame_087,raw_data/episode_009/frame_087.jpg,2.7335,False,blur
episode_009,frame_088,raw_data/episode_009/frame_088.jpg,981.1096,True,
episode_009,frame_089,raw_data/episode_009/frame_089.jpg,1046.3708,True,
episode_009,frame_090,raw_data/episode_009/frame_090.jpg,1.3283,False,blur
episode_009,frame_091,raw_data/episode_009/frame_091.jpg,1143.4097,True,
episode_009,frame_092,raw_data/episode_009/frame_092.jpg,1265.1144,True,
episode_009,frame_093,raw_data/episode_009/frame_093.jpg,898.0759,True,
episode_009,frame_094,raw_data/episode_009/frame_094.jpg,974.542,True,
episode_009,frame_095,raw_data/episode_009/frame_095.jpg,974.542,False,duplicate
episode_009,frame_096,raw_data/episode_009/frame_096.jpg,1080.0566,True,
episode_009,frame_097,raw_data/episode_009/frame_097.jpg,1182.1809,True,
episode_009,frame_098,raw_data/episode_009/frame_098.jpg,1177.0943,True,
episode_009,frame_099,raw_data/episode_009/frame_099.jpg,960.0452,True,
episode_010,frame_000,raw_data/episode_010/frame_000.jpg,1221.7003,True,
episode_010,frame_001,raw_data/episode_010/frame_001.jpg,1112.9286,True,
episode_010,frame_002,raw_data/episode_010/frame_002.jpg,1151.6039,True,
episode_010,frame_003,raw_data/episode_010/frame_003.jpg,1151.6039,False,duplicate
episode_010,frame_004,raw_data/episode_010/frame_004.jpg,1065.3178,True,
episode_010,frame_005,raw_data/episode_010/frame_005.jpg,1101.6005,True,
episode_010,frame_006,raw_data/episode_010/frame_006.jpg,1.4217,False,blur
episode_010,frame_007,raw_data/episode_010/frame_007.jpg,1.8486,False,blur
episode_010,frame_008,raw_data/episode_010/frame_008.jpg,1102.2754,True,
episode_010,frame_009,raw_data/episode_010/frame_009.jpg,1214.5689,True,
episode_010,frame_010,raw_data/episode_010/frame_010.jpg,994.6598,True,
episode_010,frame_011,raw_data/episode_010/frame_011.jpg,1200.5026,True,
episode_010,frame_012,raw_data/episode_010/frame_012.jpg,1293.1773,True,
episode_010,frame_013,raw_data/episode_010/frame_013.jpg,1.9684,False,blur
episode_010,frame_014,raw_data/episode_010/frame_014.jpg,962.5235,True,
episode_010,frame_015,raw_data/episode_010/frame_015.jpg,1080.2358,True,
episode_010,frame_016,raw_data/episode_010/frame_016.jpg,958.885,True,
episode_010,frame_017,raw_data/episode_010/frame_017.jpg,1178.1494,True,
episode_010,frame_018,raw_data/episode_010/frame_018.jpg,1087.3862,True,
episode_010,frame_019,raw_data/episode_010/frame_019.jpg,1319.0029,True,
episode_010,frame_020,raw_data/episode_010/frame_020.jpg,1039.12,True,
episode_010,frame_021,raw_data/episode_010/frame_021.jpg,1224.7605,True,
episode_010,frame_022,raw_data/episode_010/frame_022.jpg,1180.1218,True,
episode_010,frame_023,raw_data/episode_010/frame_023.jpg,1180.1218,False,duplicate
episode_010,frame_024,raw_data/episode_010/frame_024.jpg,1089.0728,True,
episode_010,frame_025,raw_data/episode_010/frame_025.jpg,937.4467,True,
episode_010,frame_026,raw_data/episode_010/frame_026.jpg,1358.7186,True,
episode_010,frame_027,raw_data/episode_010/frame_027.jpg,1097.6557,True,
episode_010,frame_028,raw_data/episode_010/frame_028.jpg,991.9506,True,
episode_010,frame_029,raw_data/episode_010/frame_029.jpg,1201.9798,True,
episode_010,frame_030,raw_data/episode_010/frame_030.jpg,1044.4904,True,
episode_010,frame_031,raw_data/episode_010/frame_031.jpg,1023.0447,True,
episode_010,frame_032,raw_data/episode_010/frame_032.jpg,1191.529,True,
episode_010,frame_033,raw_data/episode_010/frame_033.jpg,926.6705,True,
episode_010,frame_034,raw_data/episode_010/frame_034.jpg,1175.3413,True,
episode_010,frame_035,raw_data/episode_010/frame_035.jpg,1244.6034,True,
episode_010,frame_036,raw_data/episode_010/frame_036.jpg,1244.6034,False,duplicate
episode_010,frame_037,raw_data/episode_010/frame_037.jpg,1231.5773,True,
episode_010,frame_038,raw_data/episode_010/frame_038.jpg,1336.365,True,
episode_010,frame_039,raw_data/episode_010/frame_039.jpg,1021.6535,True,
episode_010,frame_040,raw_data/episode_010/frame_040.jpg,951.6246,True,
episode_010,frame_041,raw_data/episode_010/frame_041.jpg,1166.9147,True,
episode_010,frame_042,raw_data/episode_010/frame_042.jpg,1200.7782,True,
episode_010,frame_043,raw_data/episode_010/frame_043.jpg,1153.3621,True,
episode_010,frame_044,raw_data/episode_010/frame_044.jpg,1088.1433,True,
episode_010,frame_045,raw_data/episode_010/frame_045.jpg,978.66,True,
episode_010,frame_046,raw_data/episode_010/frame_046.jpg,974.922,True,
episode_010,frame_047,raw_data/episode_010/frame_047.jpg,1.1205,False,blur
episode_010,frame_048,raw_data/episode_010/frame_048.jpg,1029.5095,True,
episode_010,frame_049,raw_data/episode_010/frame_049.jpg,1055.2628,True,
episode_010,frame_050,raw_data/episode_010/frame_050.jpg,1028.6793,True,
episode_010,frame_051,raw_data/episode_010/frame_051.jpg,1182.9815,True,
episode_010,frame_052,raw_data/episode_010/frame_052.jpg,1232.9203,True,
episode_010,frame_053,raw_data/episode_010/frame_053.jpg,1114.718,True,
episode_010,frame_054,raw_data/episode_010/frame_054.jpg,1.0409,False,blur
episode_010,frame_055,raw_data/episode_010/frame_055.jpg,1.0409,False,blur
episode_010,frame_056,raw_data/episode_010/frame_056.jpg,1059.8259,True,
episode_010,frame_057,raw_data/episode_010/frame_057.jpg,1068.6392,True,
episode_010,frame_058,raw_data/episode_010/frame_058.jpg,1398.0206,True,
episode_010,frame_059,raw_data/episode_010/frame_059.jpg,1034.5943,True,
episode_010,frame_060,raw_data/episode_010/frame_060.jpg,1092.9951,True,
episode_010,frame_061,raw_data/episode_010/frame_061.jpg,1195.7324,True,
episode_010,frame_062,raw_data/episode_010/frame_062.jpg,1047.7043,True,
episode_010,frame_063,raw_data/episode_010/frame_063.jpg,1135.653,True,
episode_010,frame_064,raw_data/episode_010/frame_064.jpg,2.1156,False,blur
episode_010,frame_065,raw_data/episode_010/frame_065.jpg,1375.5528,True,
episode_010,frame_066,raw_data/episode_010/frame_066.jpg,1062.2456,True,
episode_010,frame_067,raw_data/episode_010/frame_067.jpg,1168.2317,True,
episode_010,frame_068,raw_data/episode_010/frame_068.jpg,1240.4468,True,
episode_010,frame_069,raw_data/episode_010/frame_069.jpg,910.4853,True,
episode_010,frame_070,raw_data/episode_010/frame_070.jpg,2.4258,False,blur
episode_010,frame_071,raw_data/episode_010/frame_071.jpg,1021.7379,True,
episode_010,frame_072,raw_data/episode_010/frame_072.jpg,1034.0236,True,
episode_010,frame_073,raw_data/episode_010/frame_073.jpg,1067.0043,True,
episode_010,frame_074,raw_data/episode_010/frame_074.jpg,974.6903,True,
episode_010,frame_075,raw_data/episode_010/frame_075.jpg,1205.5718,True,
episode_010,frame_076,raw_data/episode_010/frame_076.jpg,1060.4858,True,
episode_010,frame_077,raw_data/episode_010/frame_077.jpg,1197.4533,True,
episode_010,frame_078,raw_data/episode_010/frame_078.jpg,0.7954,False,blur
episode_010,frame_079,raw_data/episode_010/frame_079.jpg,1278.3885,True,
episode_010,frame_080,raw_data/episode_010/frame_080.jpg,1278.3885,False,duplicate
episode_010,frame_081,raw_data/episode_010/frame_081.jpg,1058.3757,True,
episode_010,frame_082,raw_data/episode_010/frame_082.jpg,1488.0495,True,
episode_010,frame_083,raw_data/episode_010/frame_083.jpg,1.3995,False,blur
episode_010,frame_084,raw_data/episode_010/frame_084.jpg,968.1791,True,
episode_010,frame_085,raw_data/episode_010/frame_085.jpg,1238.2127,True,
episode_010,frame_086,raw_data/episode_010/frame_086.jpg,1.33,False,blur
episode_010,frame_087,raw_data/episode_010/frame_087.jpg,1213.1275,True,
episode_010,frame_088,raw_data/episode_010/frame_088.jpg,1022.7912,True,
episode_010,frame_089,raw_data/episode_010/frame_089.jpg,1090.3377,True,
episode_010,frame_090,raw_data/episode_010/frame_090.jpg,3.084,False,blur
episode_010,frame_091,raw_data/episode_010/frame_091.jpg,974.5722,True,
episode_010,frame_092,raw_data/episode_010/frame_092.jpg,1002.7732,True,
episode_010,frame_093,raw_data/episode_010/frame_093.jpg,1046.6917,True,
episode_010,frame_094,raw_data/episode_010/frame_094.jpg,2.4471,False,blur
episode_010,frame_095,raw_data/episode_010/frame_095.jpg,1018.6296,True,
episode_010,frame_096,raw_data/episode_010/frame_096.jpg,1296.2103,True,
episode_010,frame_097,raw_data/episode_010/frame_097.jpg,1110.8095,True,
episode_010,frame_098,raw_data/episode_010/frame_098.jpg,1230.9684,True,
episode_010,frame_099,raw_data/episode_010/frame_099.jpg,1052.8249,True,
